<?xml version="1.0" encoding="UTF-8"?>

<beans xmlns="http://www.springframework.org/schema/beans"
       xmlns:xsi="http://www.w3.org/2001/XMLSchema-instance"
       xmlns:context="http://www.springframework.org/schema/context"
       xmlns:aop="http://www.springframework.org/schema/aop"
       xsi:schemaLocation="http://www.springframework.org/schema/beans 
           http://www.springframework.org/schema/beans/spring-beans-3.0.xsd
           http://www.springframework.org/schema/context
           http://www.springframework.org/schema/context/spring-context-3.0.xsd
           http://www.springframework.org/schema/aop
           http://www.springframework.org/schema/aop/spring-aop-4.0.xsd">
      <aop:aspectj-autoproxy></aop:aspectj-autoproxy>    
      <bean name="triangle" class="com.au.aop.model.Triangle">
		<property name="name" value="Triangle name" />
	</bean>
	
	<bean name="circle" class="com.au.aop.model.Circle">
		<property name="name" value="Circle name" />
	</bean>
    
    <bean name="shapeservice" class="com.au.aop.service.ShapeService" autowire="byName"/>
    
    <bean name="loggingAspect" class="com.au.aop.aspect.LoggingAspect">
	</bean>
 </beans>
           
      